
/* definitions */
INSERT INTO `definitions` (`id`, `expression_id`, `description`, `example`, `tags`, `status`, `email`, `create_date`, `update_date`, `create_user`, `update_user`) VALUES
(1, 1, 'A ''''shrimp woman'''' is any woman with a really ugly face, but with a hot body. We say that she''s a shrimp woman, because you can chop the head off and eat the rest of the body.', '- Puxa, a Claudinha é o maior camarão né?\n- [Só é].', 'Raimunda, Baranga', 'A', 'bruno@tupilabs.com', '2012-08-26 16:52:41', '2012-08-26 16:52:41', 'kinow', ''),
(2, 2, 'Any woman with a nice ass, but ugly face.', '- Lá vai a Raimunda! Feia de cara mas boa de bunda!', 'Baranga, Mulher camarão,gíria', 'A', 'bruno@tupilabs.com', '2012-08-26 17:01:41', '2012-08-26 17:01:41', 'kinow', ''),
(3, 3, 'An ugly woman.', '- O que você acha da Márcia?\n- Eu acho ela maior baranga.', 'Feiosa, Dragão', 'A', 'bruno@tupilabs.com', '2012-08-26 17:02:50', '2012-08-26 17:02:50', 'kinow', ''),
(4, 4, 'Coé is the shortened version of "[Qual é]". It is usually used in interrogative sentences.', '- [Eae], coé [mermão]?', 'Qual é', 'A', 'bruno@tupilabs.com', '2012-08-26 17:12:22', '2012-08-26 17:12:22', 'kinow', ''),
(5, 5, 'Same as Coé, but written correctly. The meaning is similar to wazup.', '- Eae, Qual é a boa?', 'eae, coé, beleza, blz', 'A', 'bruno@tupilabs.com', '2012-08-26 17:25:19', '2012-08-26 17:25:19', 'kinow', ''),
(6, 6, 'Has a similar meaning to English ''''Yo''''. In an informal conversation, it is easier to hear a Brazilian saying ''''Eae'''' rather than ''''Oi'''' or ''''Olá''''.', '- Eae, [beleza]?\n- [Opa], beleza, e você?', 'beleza, olá, yo', 'A', 'bruno@tupilabs.com', '2012-08-26 17:35:31', '2012-08-26 17:35:31', 'kinow', ''),
(7, 7, 'Shortened version of "Meu irmão", or my brother / my bro. Used to refer to somebody.', '- Eae mermão, beleza? (Yo bro, wassup?)', 'gíria,bro,brother,cara,brodi,mano,meu irmão', 'A', 'bruno@tupilabs.com', '2012-08-26 18:04:37', '2012-08-26 18:04:37', 'kinow', ''),
(8, 8, 'Same as "Get out". You can use this while you are talking with your friends, but it is not very polite. Probably, you wouldn''''t use"Cai fora" in a business meeting. Or after having dinner with a hot woman.', '- O jogo tá um lixo, vamo cair fora?', 'sair fora,sai fora,vazar', 'A', 'bruno@tupilabs.com', '2012-08-26 18:06:23', '2012-08-26 18:06:23', 'kinow', ''),
(9, 9, '"Beleza" literally means "Beauty". As in ''''Sua beleza me encanta. A sua voz e o teu calor!''''. \n\nHowever, it is very likely that you will hear more often "Beleza" being used with similar meaning to "Okay", "Okeydokey", "Cool" or as "How are you doing?".', '- [Eae], beleza? (Yo, how''s it going?)', 'de boa,tudo bom,suave,okay,fechou,fechô', 'A', 'bruno@tupilabs.com', '2012-08-26 18:08:35', '2012-08-26 18:08:35', 'kinow', ''),
(10, 10, 'Okay, this one can be very handy. Literally translating, it would be "Shitting and walking". But the meaning, is similar to "Water off a duck''s back".\n\nThere''s a pun with those Yogurts the makes your intestines work better and Johnnie Walker, as one makes you shit, and the other says to keep walking.\n\nIt is used to demonstrate that you don''''t care about something.', '- Ow, [cê] ouviu o que eles [tão] falando de você?\n- [Bah], [tô] cagando e andando mano.', 'gíria,tô nem aí,nem ligo,e o quico?,e o kiko?', 'A', 'bruno@tupilabs.com', '2012-08-26 18:11:08', '2012-08-28 01:13:56', 'kinow', 'kinow'),
(11, 11, 'Same as "bro". Some time ago, it would be seen as very rude. And even now you don''t hear may kids using "Mano" while talking to their parents. But you can use it interchangeably with "Cara" while talking with your lads.', '- Eae mano, [de boa]?\n- Opa, [suave na neve].', 'bro,brother,cara,bródi,mano brown', 'A', 'bruno@tupilabs.com', '2012-08-26 18:12:38', '2012-08-26 18:12:38', 'kinow', ''),
(12, 12, '"Cara" means "face" or "dude". When you want to talk about someone, you can use it in the same way you would use "Guy".', '- Quem é aquele cara? (Who''s that guy?)', 'bro,brother,cara,bródi,mano brown', 'A', 'bruno@tupilabs.com', '2012-08-26 18:14:15', '2012-08-26 18:14:15', 'kinow', ''),
(13, 13, '"Opa" is usually used in the beginning of sentences. It can mean ''''Sorry'''', if you use it after you have bumped in somebody. Or it can also be a compliment, like "Hello".', '- Opa, [beleza]?', 'bro,brother,mano,bródi', 'A', 'bruno@tupilabs.com', '2012-08-26 20:49:38', '2012-08-26 20:49:38', 'kinow', ''),
(14, 14, 'The translation of this expression is "Vulture in a war is chicken". It is used when you are in the end of a party, or when you are desperate for a girl. So any girl will look beautiful for you, or a vulture will look like chicken for you.', '- Pô, aquela [mina] é muito é feia!\n- Ah, mas urubu em guerra é frango né [velho]?', 'gíria,ditado,baranga', 'A', 'bruno@tupilabs.com', '2012-08-26 21:02:27', '2012-08-26 21:02:27', 'kinow', ''),
(15, 15, 'A "caralho" is a "dick". It is used in the same way that "shit" is used in English. Also known as "[caraleo]".', '- Gol da Argentina no Brasil! (narrator)\n- Caralho!', 'gíria,palavrão,NSFW', 'A', 'bruno@tupilabs.com', '2012-08-26 21:03:14', '2012-08-26 21:03:14', 'kinow', ''),
(16, 16, 'A beer.', '- Vê uma breja gelada, por favor.', 'gíria,cerveja,loira gelada', 'A', 'bruno@tupilabs.com', '2012-08-26 21:06:21', '2012-08-26 21:06:21', 'kinow', ''),
(17, 17, 'Probably this could be interpreted as "Scumbag" or "Douchebag". At least it could be used in the same manner. The translation for this is "Dick in the ass". You can say that someone is a "Pau no cú", if he/she is annoying, or is always causing trouble.', '- Você é o maior pau no cú!', 'gíria,palavrão,NSFW', 'A', 'bruno@tupilabs.com', '2012-08-26 21:07:10', '2012-08-26 21:07:10', 'Bruno', ''),
(18, 18, 'Although "caralho" means "dick", when something is "do caralho", or literally "of the dick" or "from the dick", it means something is "very good". You can even use it with music or food.', '- Eae, que tal a tapioca de mussarella?\n- Mano! Do caralho!!!', 'gíria,palavrão,NSFW,da hora', 'A', 'bruno@tupilabs.com', '2012-08-26 21:08:25', '2012-08-26 21:08:25', 'kinow', ''),
(19, 19, '"Ficar" means "stay", but can also be used as "hook up with sb". But it doesn''''t necessarily means that you are getting laid.', '- Eae, como foi a festa ontem a noite?\n- Opa, fiquei com três!', 'gíria,pegar', 'A', 'bruno@tupilabs.com', '2012-08-26 21:09:29', '2012-08-26 21:09:29', 'kinow', ''),
(20, 20, 'It is the same as "obrigado(a)", but less formal.', '- Aqui está o seu café senhor.\n- Valeu.', 'obrigado,agradecimento,agradecer', 'A', 'bruno@tupilabs.com', '2012-08-26 21:10:19', '2012-08-26 21:10:19', 'kinow', ''),
(21, 21, 'This expression has different existing expressions in English. The literal translation would be "God helps those who wake up early". The meaning is the same as "The early bird catches the worm", or "Early to bed early to rise, makes a man healthy, wealthy and wise".', '- Vou dormir porque Deus ajuda quem cedo madruga.', 'ditado', 'A', 'bruno@tupilabs.com', '2012-08-26 21:13:03', '2012-08-26 21:13:03', 'kinow', ''),
(22, 22, '"De boa" can be used as answer for "Beleza?". Or you can use it to refer to someone who is in a good situation.', '- [Véi], [cê] acha que ele vai repetir de ano?\n- Que nada, ele tá de boa.', 'gíria,suave,tranquilo', 'A', 'bruno@tupilabs.com', '2012-08-26 21:16:25', '2012-08-26 21:16:25', 'kinow', ''),
(23, 23, 'Its translation is "Poke someone''''s eye". It is used when, for instance, you have a girlfriend , and someone is trying to make out with her. Some people would write or say "Furar os zóios", an even more informal way of saying it.', '- Ow, cuidado com o [Ricardão], ele tá tentando furar seus zóio!', 'gíria,amigos,cortar,traíra,trairagem', 'A', 'bruno@tupilabs.com', '2012-08-26 21:17:18', '2012-08-26 21:17:18', 'kinow', ''),
(24, 24, '"Embaçar" is a verb that means "to blur". However, both "embassado" and "embaçado" can also mean that something is hard, or complicated.', '- Opa, tem como emprestar cemzão aí mano?\n- Putz! Embassado mano, tô duro.', 'gíria,difícil,tá osso,tá foda', 'A', 'bruno@tupilabs.com', '2012-08-26 21:19:06', '2012-08-26 21:19:06', 'kinow', ''),
(25, 25, '"Embaçar" is a verb that means "to blur". However, both "embassado" and "embaçado" can also mean that something is hard, or complicated.', '- [Opa], tem como emprestar [cemzão] aí [mano]?\n- [Putz]! Embassado mano, [tô duro].', 'gíria,difícil,tá osso,tá foda', 'A', 'bruno@tupilabs.com', '2012-08-26 21:19:19', '2012-08-26 21:19:19', 'kinow', ''),
(26, 26, 'A place.', '- Tem um pico novo lá na Augusta pra gente ir.', 'lugar,local', 'A', 'bruno@tupilabs.com', '2012-08-26 21:19:54', '2012-08-26 21:19:54', 'kinow', ''),
(27, 27, 'Some ugly lady. If you are hanging out with some lads and you spot a really ugly lady.', '-Ow, seu dragão! (don''''t expect a polite answer)', 'baranga,feiosa,mulher feia,spartano,espartano,são jorge', 'A', 'bruno@tupilabs.com', '2012-08-26 21:21:53', '2012-08-26 21:21:53', 'kinow', ''),
(28, 28, 'One could argue that a good translation is "starvation", but this word became popular with the pot-heads. It is the same as "munchies". You can use it while you are with some lads in a pub, but you can''''t use it in a formal business meeting.', '- Tô com a maior larica. Podia [comer um boi] agora.', 'gíria,maconheiro,fome', 'A', 'bruno@tupilabs.com', '2012-08-26 21:23:12', '2012-08-26 21:23:12', 'kinow', ''),
(29, 29, 'A walk, ride, or tour.', '- Eae [mina], vamo dá um rolê?', 'dar uma volta,passeio,corre', 'A', 'bruno@tupilabs.com', '2012-08-26 21:24:51', '2012-08-26 21:24:51', 'kinow', ''),
(30, 30, 'Someone that is "ugly". If you want to turn somebody down after that person came to talk to you, you can say "Sai daqui seu feioso.". It would be translated more or less like "Get out your ugly bastard".', '- O batoré é o homem mais feioso do mundo.', 'xingamento,deficiente de beleza,feio', 'A', 'bruno@tupilabs.com', '2012-08-26 21:26:29', '2012-08-26 21:26:29', 'kinow', ''),
(31, 31, 'A stupid person or someone that is easy to be tricked.', '- O meu irmão é o maior mané.', 'xingamento,burro,otário,troxa,besta,tonto', 'A', 'bruno@tupilabs.com', '2012-08-26 21:27:44', '2012-08-26 21:27:44', 'kinow', ''),
(32, 31, 'Someone born in Florianópolis, like Gustavo Kuerten.', '- Em Floripa tem um monte de manezinhos.', 'Floripa,manezinhos,barriga verde', 'A', 'bruno@tupilabs.com', '2012-08-26 21:29:11', '2012-08-26 21:29:11', 'kinow', ''),
(33, 32, 'Someone who gives up very easily, specially for fear. It can be used when you want to fight with somebody and he chickens out.', '- Vem pro pau arregão! Quero ver!', 'cuzão,bundão,bunda mole,frango', 'A', 'bruno@tupilabs.com', '2012-08-26 21:30:14', '2012-08-26 21:30:14', 'kinow', ''),
(34, 33, 'Call someone for a fight (the translation would be call to the cock or dick).', '- Vem pro pau, quero ver!', 'gíria,provocação', 'A', 'bruno@tupilabs.com', '2012-08-26 21:31:06', '2012-08-26 21:31:06', 'kinow', ''),
(35, 34, 'Do not understand something, or miss the point of a joke.', '- O Bruno [viaja] muito, ele tá sempre boiando na aula.', 'viajar,sonhar acordado,vacilar', 'A', 'bruno@tupilabs.com', '2012-08-26 21:32:10', '2012-08-26 21:32:10', 'kinow', ''),
(36, 35, 'Florianópolis City, located in Santa Catarina State.', '- Florianópolis fica no Sul do Brasil.', 'Floripa,manezinhos,barriga verde', 'A', 'bruno@tupilabs.com', '2012-08-26 21:35:02', '2012-08-26 21:35:02', 'kinow', ''),
(37, 36, 'To space out, or daydream.', '- Xi, você viajou na maionese aqui nesse exercício, ó...', 'viajar,vacilar,boiar', 'A', 'bruno@tupilabs.com', '2012-08-26 21:41:13', '2012-08-26 21:41:13', 'kinow', ''),
(38, 37, 'Daydream', '- O Bruno tá sempre sonhando acordado. Um dia desses ele se perde por aí.', 'ditado,viajar,jeito de falar,avoado', 'A', 'bruno@tupilabs.com', '2012-08-26 21:42:04', '2012-08-26 21:42:04', 'kinow', ''),
(39, 38, 'A leet way of saying Suave, or Sossegada. Pot heads and surfers use this word a lot too.', '- [Eae], [belê]?\n- Sussa [bro].', 'beleza,de boa,suave,tranquilo,suave na neve', 'A', 'bruno@tupilabs.com', '2012-08-26 21:43:20', '2012-08-26 21:43:20', 'kinow', ''),
(40, 39, 'Cause a turmoil or tumult.', '- Ó lá a torcida do Corinthians causando na Paulista.', 'zoar,fazer tumulto,fazer bagunça,fazer auê', 'A', 'bruno@tupilabs.com', '2012-08-26 21:44:21', '2012-08-26 21:44:21', 'kinow', ''),
(41, 40, 'An annoying person. The translation is "feet on your balls".', '- Sai daqui seu pé no saco. (normally a girl tells you this)', 'chato,pau no cú', 'A', 'bruno@tupilabs.com', '2012-08-26 21:47:13', '2012-08-26 21:47:13', 'kinow', ''),
(42, 41, 'Get wasted with booze or weed. Sometimes it is combined with coco (coconuts).', '- Hoje [vô] chapar o coco!', 'gíria,virar o caneco,encher a cara,tomar todas', 'A', 'bruno@tupilabs.com', '2012-08-26 21:48:36', '2012-08-26 21:48:36', 'kinow', ''),
(43, 42, 'A lot, very. Never used alone.', '- [Meu], eu gosto pacas de você meu.', 'gíria,muito,pra caralho,demais da conta', 'A', 'bruno@tupilabs.com', '2012-08-26 21:49:34', '2012-08-26 21:49:34', 'kinow', ''),
(44, 43, 'To kid someone, pull someone''s leg, tease sb.', '- Aqueles meninos não páram de me zoar na escola. \n- Isso é bullying minha filha.', 'atazanar,caçoar,fazer chacota', 'A', 'bruno@tupilabs.com', '2012-08-26 21:50:46', '2012-08-26 21:50:46', 'kinow', ''),
(45, 44, 'Brother, mate, lad. The translation is trout (yup, the fish... don''t ask me why).', '- [Eae] truta!', 'gíria,bro,brother,cara,mano,bródi', 'A', 'bruno@tupilabs.com', '2012-08-26 21:51:40', '2012-08-26 21:51:40', 'kinow', ''),
(46, 45, 'Get out, let''s go, let''s split.', '- Olha essa música, que [fossa]. Vamo vazar aê?', 'dar o fora,cair fora,sair', 'A', 'bruno@tupilabs.com', '2012-08-26 21:53:23', '2012-08-26 21:53:23', 'kinow', ''),
(47, 46, 'I''m game.', '- Bora comer uma feijuca com uma breja?\n- Fechou! Tô dentro!', 'gíria,fechou,eu topo,topo', 'A', 'bruno@tupilabs.com', '2012-08-26 21:54:12', '2012-08-26 21:54:12', 'kinow', ''),
(48, 47, 'Let down.', '- Amanhã vê se não vacila no jogo hein?', 'viajar,furar,dormir', 'A', 'bruno@tupilabs.com', '2012-08-26 21:55:16', '2012-08-26 21:55:16', 'kinow', ''),
(49, 48, 'The last beer before going home.', '- [Vamo] [bora]?\n- [Opa], [peraí], e a saideira?', 'cerveja,loira gelada,breja,loura gelada', 'A', 'bruno@tupilabs.com', '2012-08-26 21:58:43', '2012-08-26 21:58:43', 'kinow', ''),
(50, 49, 'Who wears the trousers.', '- Eu sou o homem da casa!\n- Tá bom querida.', 'machista,macho', 'A', 'bruno@tupilabs.com', '2012-08-26 21:59:35', '2012-08-26 21:59:35', 'kinow', ''),
(51, 50, 'Bad luck or a problem.', '- Acabei de bater o carro!\n- Que zica amor! Onde foi?', 'azar,inháca', 'A', 'bruno@tupilabs.com', '2012-08-26 22:00:15', '2012-08-26 22:00:15', 'kinow', ''),
(52, 52, 'A beer.', '- Vê uma loira bem gelada pra mim, por favor?', 'cerveja,breja,loura gelada,mé', 'A', 'bruno@tupilabs.com', '2012-08-27 00:19:31', '2012-08-28 01:03:56', 'kinow', 'kinow'),
(53, 53, 'Same as okay, or deal.', '- [Bora] jogar um [fute] na quinta-feira?\n- [Beleza]! [Fechou]!', 'beleza, okay', 'A', 'bruno@tupilabs.com', '2012-08-27 00:20:36', '2012-08-28 01:11:39', 'kinow', 'kinow'),
(54, 51, 'It is used in different places of Brazil, with different meanings. It can be offensive in some places. Its meaning is similar to boy, young man.', '- [Eae] piá, aonde tú [tá] indo?', 'cara,mano,curitiba', 'A', 'bruno@tupilabs.com', '2012-08-26 22:03:21', '2012-08-26 22:03:21', 'kinow', ''),
(55, 54, 'Shortened/leet version of vou (I will go).', '- Cê vai pro Maracanã amanhã?\n- Eu vô, e você?', 'vou, ir', 'A', 'bruno@tupilabs.com', '2012-08-27 23:04:25', '2012-08-28 01:08:01', 'kinow', 'kinow');

/* expressions */
INSERT INTO `expressions` (`id`, `text`, `letter`, `create_date`, `update_date`, `create_user`, `update_user`) VALUES
(1, 'Mulher camarão', 'M', '2012-08-26 16:52:41', '2012-08-26 16:52:41', 'kinow', ''),
(2, 'Raimunda', 'R', '2012-08-26 17:01:41', '2012-08-26 17:01:41', 'kinow', ''),
(3, 'Baranga', 'B', '2012-08-26 17:02:50', '2012-08-26 17:02:50', 'kinow', ''),
(4, 'Coé', 'C', '2012-08-26 17:12:22', '2012-08-26 17:12:22', 'kinow', ''),
(5, 'Qual é', 'Q', '2012-08-26 17:25:19', '2012-08-26 17:25:19', 'kinow', ''),
(6, 'Eae', 'E', '2012-08-26 17:35:31', '2012-08-26 17:35:31', 'kinow', ''),
(7, 'Mermão', 'M', '2012-08-26 18:04:37', '2012-08-26 18:04:37', 'kinow', ''),
(8, 'Cai fora', 'C', '2012-08-26 18:06:23', '2012-08-26 18:06:23', 'kinow', ''),
(9, 'Beleza', 'B', '2012-08-26 18:08:35', '2012-08-26 18:08:35', 'kinow', ''),
(10, 'Cagando e andando', 'C', '2012-08-26 18:11:08', '2012-08-28 01:13:56', 'kinow', 'kinow'),
(11, 'Mano', 'M', '2012-08-26 18:12:37', '2012-08-26 18:12:37', 'kinow', ''),
(12, 'Cara', 'C', '2012-08-26 18:14:15', '2012-08-26 18:14:15', 'kinow', ''),
(13, 'Opa', 'O', '2012-08-26 20:49:38', '2012-08-26 20:49:38', 'kinow', ''),
(14, 'Urubu em guerra é frango', 'U', '2012-08-26 21:02:27', '2012-08-26 21:02:27', 'kinow', ''),
(15, 'Caralho', 'C', '2012-08-26 21:03:13', '2012-08-26 21:03:13', 'kinow', ''),
(16, 'Breja', 'B', '2012-08-26 21:06:20', '2012-08-26 21:06:20', 'kinow', ''),
(17, 'Pau no cú', 'P', '2012-08-26 21:07:10', '2012-08-26 21:07:10', 'Bruno', ''),
(18, 'Do caralho', 'D', '2012-08-26 21:08:24', '2012-08-26 21:08:24', 'kinow', ''),
(19, 'Ficar', 'F', '2012-08-26 21:09:29', '2012-08-26 21:09:29', 'kinow', ''),
(20, 'Valeu', 'V', '2012-08-26 21:10:19', '2012-08-26 21:10:19', 'kinow', ''),
(21, 'Deus ajuda quem cedo madruga', 'D', '2012-08-26 21:13:03', '2012-08-26 21:13:03', 'kinow', ''),
(22, 'De boa', 'D', '2012-08-26 21:16:25', '2012-08-26 21:16:25', 'kinow', ''),
(23, 'Furar os olhos', 'F', '2012-08-26 21:17:18', '2012-08-26 21:17:18', 'kinow', ''),
(24, 'Embassado', 'E', '2012-08-26 21:19:06', '2012-08-26 21:19:06', 'kinow', ''),
(25, 'Embaçado', 'E', '2012-08-26 21:19:18', '2012-08-26 21:19:18', 'kinow', ''),
(26, 'Pico', 'P', '2012-08-26 21:19:54', '2012-08-26 21:19:54', 'kinow', ''),
(27, 'Dragão', 'D', '2012-08-26 21:21:53', '2012-08-26 21:21:53', 'kinow', ''),
(28, 'Larica', 'L', '2012-08-26 21:23:11', '2012-08-26 21:23:11', 'kinow', ''),
(29, 'Rolê', 'R', '2012-08-26 21:24:50', '2012-08-26 21:24:50', 'kinow', ''),
(30, 'Feioso', 'F', '2012-08-26 21:26:28', '2012-08-26 21:26:28', 'kinow', ''),
(31, 'Mané', 'M', '2012-08-26 21:27:44', '2012-08-26 21:27:44', 'kinow', ''),
(32, 'Arregão', 'A', '2012-08-26 21:30:13', '2012-08-26 21:30:13', 'kinow', ''),
(33, 'Chamar pro pau', 'C', '2012-08-26 21:31:06', '2012-08-26 21:31:06', 'kinow', ''),
(34, 'Boiar', 'B', '2012-08-26 21:32:10', '2012-08-26 21:32:10', 'kinow', ''),
(35, 'Floripa', 'F', '2012-08-26 21:35:02', '2012-08-26 21:35:02', 'kinow', ''),
(36, 'Viajar na maionese', 'V', '2012-08-26 21:41:13', '2012-08-26 21:41:13', 'kinow', ''),
(37, 'Sonhar acordado', 'S', '2012-08-26 21:42:04', '2012-08-26 21:42:04', 'kinow', ''),
(38, 'Sussa', 'S', '2012-08-26 21:43:20', '2012-08-26 21:43:20', 'kinow', ''),
(39, 'Causar', 'C', '2012-08-26 21:44:21', '2012-08-26 21:44:21', 'kinow', ''),
(40, 'Pé no saco', 'P', '2012-08-26 21:47:13', '2012-08-26 21:47:13', 'kinow', ''),
(41, 'Chapar', 'C', '2012-08-26 21:48:35', '2012-08-26 21:48:35', 'kinow', ''),
(42, 'Pacas', 'P', '2012-08-26 21:49:34', '2012-08-26 21:49:34', 'kinow', ''),
(43, 'Zoar', 'Z', '2012-08-26 21:50:46', '2012-08-26 21:50:46', 'kinow', ''),
(44, 'Truta', 'T', '2012-08-26 21:51:40', '2012-08-26 21:51:40', 'kinow', ''),
(45, 'Vazar', 'V', '2012-08-26 21:53:22', '2012-08-26 21:53:22', 'kinow', ''),
(46, 'Tô dentro', 'T', '2012-08-26 21:54:12', '2012-08-26 21:54:12', 'kinow', ''),
(47, 'Vacilar', 'V', '2012-08-26 21:55:15', '2012-08-26 21:55:15', 'kinow', ''),
(48, 'Saideira', 'S', '2012-08-26 21:58:43', '2012-08-26 21:58:43', 'kinow', ''),
(49, 'Homem da casa', 'H', '2012-08-26 21:59:35', '2012-08-26 21:59:35', 'kinow', ''),
(50, 'Zica', 'Z', '2012-08-26 22:00:14', '2012-08-26 22:00:14', 'kinow', ''),
(51, 'Piá', 'P', '2012-08-26 22:03:21', '2012-08-26 22:03:21', 'kinow', ''),
(52, 'Loira gelada', 'L', '2012-08-27 00:19:31', '2012-08-28 01:03:56', 'kinow', 'kinow'),
(53, 'Fechou', 'F', '2012-08-27 00:20:36', '2012-08-28 01:11:39', 'kinow', 'kinow'),
(54, 'Vô', 'V', '2012-08-27 23:04:25', '2012-08-28 01:08:00', 'kinow', 'kinow');

INSERT INTO `ratings` (`definition_id`, `user_ip`, `rating`) VALUES
(1, '192.168.0.169', 1),
(10, '192.168.0.169', 1),
(16, '192.168.0.169', 1);

